row,mode
0,text
1,text
2,image
3,image
4,text
5,image_text
6,image
7,image_text
8,image_text
9,image
10,image_text
11,image_text
12,image
13,text
14,image_text
15,text
16,text
17,image_text
18,text
19,text
20,image
21,image
22,image
23,text
24,image_text
25,image
26,image_text
27,image_text
28,text
29,image
30,image_text
31,image
32,text
33,image
34,text
35,image
36,text
37,text
38,image_text
39,image
40,image_text
41,image_text
42,image
43,image_text
44,text
45,text
46,image_text
47,image
48,image_text
49,image
50,image
51,text
52,image_text
53,text
54,image_text
55,image
56,image
57,text
58,text
59,image_text
